{"id":"572692378957430785","user":"Srkian_nishu :)","text":"@always_nidhi @YouTube no i dnt understand bt i loved the music nd their dance awesome all the song of this mve is rocking","place":"Orissa","country":"India"}
{"id":"572575240615796737","user":"TagineDiningGlobal","text":"@OnlyDancers Bellydancing this Friday with live music call 646-373-6265 http://t.co/BxZLdiIVM0","place":"Manhattan","country":"United States"}
{"id":"572575243883036672","user":"Daniel Beer","text":"1/ \"Without the ability to ask the right questions, big data only leads to big misdirection...\"","place":"Claremont","country":"United States"}
